Predicted E,Predicted E
,-0.5469685266666667
,-0.547
,-0.6900878
,-0.547
,-0.66467793
,-1.57199624
,-1.12678703
,-0.79596622
,-0.1825
,-0.13575
,-0.15812722499999998
,0.2249784
,0.2249784
,-0.677
,-0.677
,-0.677
,-0.1825
,-0.13575
,-0.15812722499999998
,-0.15812722499999998
,-0.719
,-0.677
,-0.677
,-0.677
,-0.6244434059999999
,-0.3818742925
,-0.5469685266666667
,-0.3818742925
,-0.96903447
,-0.60900685
,-0.81151515
,-0.8360038700000001
,-0.52635541
,-0.5469685266666667
,-0.52635541
,-0.5469685266666667
,-1.12678703
,-1.12678703
,-0.60900685
,-0.79596622
,-0.3818742925
,-0.3818742925
,-0.3818742925
,-1.0971139
,-1.12531649
,-1.12531649
,-1.0971139
,-0.086
,-0.086
,-0.59039549
,-0.677
,-0.677
,-0.2407627
,-0.3818742925
,-0.8622555812499999
,-0.3818742925
,-0.8622555812499999
,-0.70610557
,-0.81151515
,-0.81151515
,-0.086
,0.2249784
,-0.086
,-0.677
,-0.677
,-0.52635541
,-0.52635541
,-1.0115733675
,-1.0115733675
,-0.52635541
,-1.0115733675
,-0.79596622
,-0.70610557
,-0.70610557
,-0.086
,-0.086
,-0.086
,-0.677
,-0.677
,-0.35148528
,-0.35148528
,-0.03993522
,-0.086
,-0.677
,-0.677
,-0.59039549
,-0.03993522
,-0.086
,-0.086
,-0.677
,-0.677
,0.2249784
,-0.42558190500000004
,-0.077
,-0.677
,-0.2407627
,-0.3818742925
,-0.8622555812499999
,-0.8622555812499999
,-0.3818742925
,-0.8622555812499999
,-1.57199624
,-1.57199624
,-0.81151515
,-0.81151515
,-0.0479683
,-0.47175002
,-0.0479683
,-0.677
,-0.677
,-0.52635541
,-0.52635541
,-1.0115733675
,-1.02573532
,-1.02573532
,-1.12531649
,-1.02573532
,-0.43518893
,-0.3818742925
,-1.0115733675
,-1.0115733675
,-0.3818742925
,-0.2407627
,-1.0115733675
,-1.05263341
,-1.12678703
,-1.12678703
,-1.57199624
,-0.086
,-0.086
,-0.086
,-0.35148528
,-0.35148528
,-0.677
,-0.677
,-0.35148528
,-0.35148528
,-0.3789491
,-0.3789491
,-0.3789491
,-0.3789491
,-0.3789491
,-1.02573532
