Training RMSE,Testing RMSE
0.03401410828271906,0.439844813744788
0.03401410828271906,0.439844813744788
