Training RMSE,Testing RMSE
0.2606414621463132,0.2401842324652432
0.2606414621463132,0.2401842324652432
