Training RMSE,Testing RMSE
0.26064146214631323,0.2401842324652435
0.26064146214631323,0.2401842324652435
