Training RMSE,Testing RMSE
0.2614008938918652,0.2358710137687204
0.2614008938918652,0.2358710137687204
