Training RMSE,Testing RMSE
0.2614008938918654,0.2358710137245714
0.2614008938918654,0.2358710137245714
