Training RMSE,Testing RMSE
0.2614008938918652,0.2358710138238862
0.2589979508616766,0.2620800896718549
0.2542085136099336,0.2707416987540732
0.2615521345140746,0.2579170291711114
0.2600183053312905,0.24361365456311956
0.25862144208992577,0.26523514671565995
0.2651837572022336,0.2456514420356915
0.24786011871648184,0.29005276876857
0.20700608254993647,0.3922608224590482
0.2532271228118522,0.2637033917986061
0.252807632157927,0.27271270577616213
