Training RMSE,Testing RMSE
0.21082017583898618,0.3385490275460566
0.21082017583898618,0.3385490275460566
