Training RMSE,Testing RMSE
0.2224407785981835,0.3208324018927106
0.2224407785981835,0.3208324018927106
