Training RMSE,Testing RMSE
0.2192093219454825,0.33978836426472303
0.2192093219454825,0.33978836426472303
