Training RMSE,Testing RMSE
0.015326656892684304,0.7720055539910791
0.015326656892684304,0.7720055539910791
