Training RMSE,Testing RMSE
0.13089849953550778,0.22542311643752502
0.13089849953550778,0.22542311643752502
