Training RMSE,Testing RMSE
2.047491073140437,1.819255187208343
2.047491073140437,1.819255187208343
