Training RMSE,Testing RMSE
0.14876492949494782,0.2019555111646934
0.14876492949494782,0.2019555111646934
