Training RMSE,Testing RMSE
0.3560007243671807,0.3081181674816568
0.3560007243671807,0.3081181674816568
