Training RMSE,Testing RMSE
0.35600072436718067,0.3081181674816566
0.35600072436718067,0.3081181674816566
