Training RMSE,Testing RMSE
0.2059444570447241,0.32759747346350676
0.2059444570447241,0.32759747346350676
