Training RMSE,Testing RMSE
0.27525521422794413,0.24824669258051
0.27525521422794413,0.24824669258051
