Training RMSE,Testing RMSE
0.27525521422843463,0.24824669258452042
0.27525521422843463,0.24824669258452042
