Training RMSE,Testing RMSE
0.11748547880513341,0.22355746588130612
0.11748547880513341,0.22355746588130612
