Training RMSE,Testing RMSE
0.11594635859970769,0.21210310556102147
0.11594635859970769,0.21210310556102147
