Training RMSE,Testing RMSE
0.11362274295210871,0.21964967590209472
0.11362274295210871,0.21964967590209472
