Training RMSE,Testing RMSE
0.10994074160052991,0.21346195214859845
0.10994074160052991,0.21346195214859845
