Training RMSE,Testing RMSE
0.1074798236287427,0.21185920607085187
0.1074798236287427,0.21185920607085187
