Training RMSE,Testing RMSE
0.3066805218638328,0.42091253791817157
0.3066805218638328,0.42091253791817157
