Training RMSE,Testing RMSE
0.26156884094390626,0.23641371469307576
0.26156884094390626,0.23641371469307576
