Training RMSE,Testing RMSE
0.26156883813029785,0.2364137123984568
0.26156883813029785,0.2364137123984568
