Training RMSE,Testing RMSE
0.0879559581098389,0.3146176665250159
0.0879559581098389,0.3146176665250159
