Training RMSE,Testing RMSE
0.0879559581098389,0.30365913301025443
0.0879559581098389,0.30365913301025443
