Training RMSE,Testing RMSE
0.0879559581098389,0.3150998945990804
0.0879559581098389,0.3150998945990804
