Training RMSE,Testing RMSE
0.0879559581098389,0.31058536944786164
0.0879559581098389,0.31058536944786164
