Training RMSE,Testing RMSE
0.0,0.29151223425317796
0.0,0.29151223425317796
