Training RMSE,Testing RMSE
0.0918424023679744,0.3253420864257957
0.0918424023679744,0.3253420864257957
